gender,sum(amb1_s),sum(amb7_2),sum(amb7_3),sum(amb1_1),sum(amb1_2),sum(amb1_3),
0,950.1269841,256.2222222,264.9166667,758.6201887,1531.305,625.7333333,4386.924395
1,998.952381,310.3333333,290.4166667,477.2332075,1143.64,329.7333333,3551.308922
