"gender","sum(attr1_s)","sum(attr7_2)","sum(attr7_3)","sum(attr1_1)","sum(attr1_2)","sum(attr1_3)"
0.0,875.369230769227,332.00000000000125,310.80000000000155,629.2397000000011,673.148749999998,471.5000000000001
1.0,852.7692307692242,288.26666666666756,313.74999999999966,987.664800000003,1083.7649999999976,542.5374999999996
