"gender","sum(fun1_s)","sum(fun7_2)","sum(fun7_3)","sum(fun1_1)","sum(fun1_2)","sum(fun1_3)"
0.0,797.9038461538508,209.39999999999966,204.0666666666666,1141.5774,1049.279999999994,878.800000000006
1.0,746.730769230771,182.46666666666647,210.40000000000072,1194.7235999999973,1100.9079999999956,736.8000000000042
