"gender","sum(intel1_s)","sum(intel7_2)","sum(intel7_3)","sum(intel1_1)","sum(intel1_2)","sum(intel1_3)"
0.0,678.4590163934421,188.66666666666524,255.76923076923,1444.6554000000024,1428.6400000000008,756.5333333333347
1.0,789.9836065573772,143.33333333333306,215.07692307692216,1327.6548000000257,1238.1174999999994,572.8666666666705
