"gender","sum(shar1_s)","sum(shar7_2)","sum(shar7_3)","sum(shar1_1)","sum(shar1_2)","sum(shar1_3)"
0.0,1020.9999999999955,243.07692307692247,245.14285714285748,1360.0990000000056,1184.0285714285803,424.79999999999984
1.0,1024.0655737704901,224.76923076922887,186.57142857142952,1153.4093333333283,961.6628571428743,239.03636363636605
