"gender","sum(sinc1_s)","sum(sinc7_2)","sum(sinc7_3)","sum(sinc1_1)","sum(sinc1_2)","sum(sinc1_3)"
0.0,792.1964285714282,251.39999999999748,342.1666666666663,1025.7478333333404,993.0259999999846,449.32307692307904
1.0,909.1964285714197,238.7333333333324,316.25000000000057,917.9833333333304,889.647999999994,310.0769230769247
